kind,n,epsilon,value,bound
theorem43_chain,1,0.0,1.5141277326297755,0.0
theorem43_chain,1,0.2,1.5141277326297755,-0.2
theorem43_chain,1,1.1,1.5141277326297755,-1.1
theorem43_chain,2,0.0,2.2595256035335987,0.0
theorem43_chain,2,0.2,2.2595256035335987,-0.4
theorem43_chain,2,1.1,2.2595256035335987,-2.2
theorem43_chain,3,0.0,2.5587684983864554,0.0
theorem43_chain,3,0.2,2.5587684983864554,-0.6000000000000001
theorem43_chain,3,1.1,2.5587684983864554,-3.3000000000000003
theorem43_chain,4,0.0,3.9963561538938968,0.0
theorem43_chain,4,0.2,3.9963561538938968,-0.8
theorem43_chain,4,1.1,3.9963561538938968,-4.4
theorem43_chain,5,0.0,5.90438817223076,0.0
theorem43_chain,5,0.2,5.90438817223076,-1.0
theorem43_chain,5,1.1,5.90438817223076,-5.5
theorem43_chain,6,0.0,7.076862309497326,0.0
theorem43_chain,6,0.2,7.076862309497326,-1.2000000000000002
theorem43_chain,6,1.1,7.076862309497326,-6.6000000000000005
theorem43_chain,7,0.0,7.77000949005727,0.0
theorem43_chain,7,0.2,7.77000949005727,-1.4000000000000001
theorem43_chain,7,1.1,7.77000949005727,-7.700000000000001
theorem43_chain,8,0.0,9.284137222687047,0.0
theorem43_chain,8,0.2,9.284137222687047,-1.6
theorem43_chain,8,1.1,9.284137222687047,-8.8
lemma56_interval,2,0.0,0.19999999999999984,0.8
lemma56_interval,2,0.0,0.4,0.6
lemma56_interval,2,0.0,0.7,0.30000000000000004
lemma56_interval,2,0.3,0.19999999999999984,0.8
lemma56_interval,2,0.3,0.3999999999999999,0.6
lemma56_interval,2,0.3,0.7,0.30000000000000004
lemma56_interval,2,1.0,0.19999999999999996,0.8
lemma56_interval,2,1.0,0.4,0.6
lemma56_interval,2,1.0,0.7,0.30000000000000004
lemma56_interval,2,2.0,0.19999999999999984,0.8
lemma56_interval,2,2.0,0.3999999999999999,0.6
lemma56_interval,2,2.0,0.7,0.30000000000000004
lemma58_yao,2,0.0,2,4
lemma59_samples,2,0.0,32,128
lemma56_interval,3,0.0,0.19999999999999962,0.8
lemma56_interval,3,0.0,0.40000000000000013,0.6
lemma56_interval,3,0.0,0.6999999999999998,0.30000000000000004
lemma56_interval,3,0.3,0.19999999999999984,0.8
lemma56_interval,3,0.3,0.3999999999999999,0.6
lemma56_interval,3,0.3,0.7,0.30000000000000004
lemma56_interval,3,1.0,0.20000000000000007,0.8
lemma56_interval,3,1.0,0.4,0.6
lemma56_interval,3,1.0,0.7,0.30000000000000004
lemma56_interval,3,2.0,0.19999999999999984,0.8
lemma56_interval,3,2.0,0.3999999999999999,0.6
lemma56_interval,3,2.0,0.7,0.30000000000000004
lemma58_yao,3,0.0,5,8
lemma59_samples,3,0.0,37,222
lemma56_interval,4,0.0,0.1999999999999995,0.8
lemma56_interval,4,0.0,0.3999999999999998,0.6
lemma56_interval,4,0.0,0.7,0.30000000000000004
lemma56_interval,4,0.3,0.19999999999999984,0.8
lemma56_interval,4,0.3,0.3999999999999999,0.6
lemma56_interval,4,0.3,0.7,0.30000000000000004
lemma56_interval,4,1.0,0.19999999999999996,0.8
lemma56_interval,4,1.0,0.40000000000000013,0.6
lemma56_interval,4,1.0,0.7,0.30000000000000004
lemma56_interval,4,2.0,0.19999999999999996,0.8
lemma56_interval,4,2.0,0.4,0.6
lemma56_interval,4,2.0,0.7,0.30000000000000004
lemma58_yao,4,0.0,10,16
lemma59_samples,4,0.0,40,320
lemma56_interval,5,0.0,0.19999999999999973,0.8
lemma56_interval,5,0.0,0.39999999999999947,0.6
lemma56_interval,5,0.0,0.6999999999999997,0.30000000000000004
lemma56_interval,5,0.3,0.19999999999999996,0.8
lemma56_interval,5,0.3,0.39999999999999936,0.6
lemma56_interval,5,0.3,0.7000000000000002,0.30000000000000004
lemma56_interval,5,1.0,0.20000000000000007,0.8
lemma56_interval,5,1.0,0.4,0.6
lemma56_interval,5,1.0,0.7000000000000002,0.30000000000000004
lemma56_interval,5,2.0,0.19999999999999996,0.8
lemma56_interval,5,2.0,0.3999999999999999,0.6
lemma56_interval,5,2.0,0.7,0.30000000000000004
lemma58_yao,5,0.0,21,32
lemma59_samples,5,0.0,43,430
lemma56_interval,6,0.0,0.20000000000000173,0.8
lemma56_interval,6,0.0,0.40000000000000036,0.6
lemma56_interval,6,0.0,0.7,0.30000000000000004
lemma56_interval,6,0.3,0.20000000000000007,0.8
lemma56_interval,6,0.3,0.4000000000000006,0.6
lemma56_interval,6,0.3,0.7000000000000002,0.30000000000000004
lemma56_interval,6,1.0,0.19999999999999996,0.8
lemma56_interval,6,1.0,0.4,0.6
lemma56_interval,6,1.0,0.7000000000000008,0.30000000000000004
lemma56_interval,6,2.0,0.19999999999999984,0.8
lemma56_interval,6,2.0,0.3999999999999999,0.6
lemma56_interval,6,2.0,0.7,0.30000000000000004
lemma58_yao,6,0.0,42,64
lemma59_samples,6,0.0,45,540
lemma56_interval,7,0.0,0.19999999999999707,0.8
lemma56_interval,7,0.0,0.4000000000000017,0.6
lemma56_interval,7,0.0,0.7000000000000006,0.30000000000000004
lemma56_interval,7,0.3,0.2000000000000004,0.8
lemma56_interval,7,0.3,0.4000000000000029,0.6
lemma56_interval,7,0.3,0.7000000000000004,0.30000000000000004
lemma56_interval,7,1.0,0.19999999999999996,0.8
lemma56_interval,7,1.0,0.40000000000000013,0.6
lemma56_interval,7,1.0,0.6999999999999994,0.30000000000000004
lemma56_interval,7,2.0,0.19999999999999984,0.8
lemma56_interval,7,2.0,0.3999999999999999,0.6
lemma56_interval,7,2.0,0.7,0.30000000000000004
lemma58_yao,7,0.0,85,128
lemma59_samples,7,0.0,47,658
