length,target,optimal_credit_lp,claimed_gamma,worst_case_queries,two_to_length,theorem55_reduction_factor
1,0,0.4,0.4,2,2,0.03219436835054758
1,1,0.4,0.4,2,2,0.03219436835054758
2,00,0.3999999999999999,0.4,4,4,0.025172638435529995
2,01,0.3999999999999999,0.4,4,4,0.025172638435529995
2,10,0.3999999999999999,0.4,4,4,0.025172638435529995
2,11,0.3999999999999999,0.4,4,4,0.025172638435529995
3,000,0.40000000000000013,0.4,8,8,0.02976590008273319
3,001,0.4,0.4,8,8,0.02976590008273319
3,010,0.40000000000000013,0.4,8,8,0.02976590008273319
3,011,0.40000000000000013,0.4,8,8,0.02976590008273319
3,100,0.40000000000000013,0.4,8,8,0.02976590008273319
3,101,0.40000000000000013,0.4,8,8,0.02976590008273319
3,110,0.40000000000000013,0.4,8,8,0.02976590008273319
3,111,0.40000000000000013,0.4,8,8,0.02976590008273319
4,0000,0.3999999999999999,0.4,16,16,0.04133084268917261
4,0001,0.3999999999999999,0.4,16,16,0.04133084268917261
4,0010,0.4,0.4,16,16,0.04133084268917261
4,0011,0.3999999999999999,0.4,16,16,0.04133084268917261
4,0100,0.4,0.4,16,16,0.04133084268917261
4,0101,0.4,0.4,16,16,0.04133084268917261
4,0110,0.4,0.4,16,16,0.04133084268917261
4,0111,0.4,0.4,16,16,0.04133084268917261
4,1000,0.4,0.4,16,16,0.04133084268917261
4,1001,0.4,0.4,16,16,0.04133084268917261
4,1010,0.4,0.4,16,16,0.04133084268917261
4,1011,0.4,0.4,16,16,0.04133084268917261
4,1100,0.3999999999999999,0.4,16,16,0.04133084268917261
4,1101,0.4,0.4,16,16,0.04133084268917261
4,1110,0.4,0.4,16,16,0.04133084268917261
4,1111,0.3999999999999999,0.4,16,16,0.04133084268917261
5,00000,0.3999999999999999,0.4,32,32,0.06252527018904892
5,00001,0.3999999999999997,0.4,32,32,0.06252527018904892
5,00010,0.3999999999999997,0.4,32,32,0.06252527018904892
5,00011,0.3999999999999999,0.4,32,32,0.06252527018904892
5,00100,0.3999999999999999,0.4,32,32,0.06252527018904892
5,00101,0.3999999999999998,0.4,32,32,0.06252527018904892
5,00110,0.3999999999999998,0.4,32,32,0.06252527018904892
5,00111,0.3999999999999998,0.4,32,32,0.06252527018904892
5,01000,0.3999999999999998,0.4,32,32,0.06252527018904892
5,01001,0.3999999999999998,0.4,32,32,0.06252527018904892
5,01010,0.3999999999999998,0.4,32,32,0.06252527018904892
5,01011,0.3999999999999998,0.4,32,32,0.06252527018904892
5,01100,0.3999999999999998,0.4,32,32,0.06252527018904892
5,01101,0.3999999999999998,0.4,32,32,0.06252527018904892
5,01110,0.3999999999999998,0.4,32,32,0.06252527018904892
5,01111,0.3999999999999998,0.4,32,32,0.06252527018904892
5,10000,0.3999999999999998,0.4,32,32,0.06252527018904892
5,10001,0.3999999999999998,0.4,32,32,0.06252527018904892
5,10010,0.3999999999999998,0.4,32,32,0.06252527018904892
5,10011,0.3999999999999998,0.4,32,32,0.06252527018904892
5,10100,0.3999999999999998,0.4,32,32,0.06252527018904892
5,10101,0.3999999999999997,0.4,32,32,0.06252527018904892
5,10110,0.3999999999999998,0.4,32,32,0.06252527018904892
5,10111,0.3999999999999998,0.4,32,32,0.06252527018904892
5,11000,0.3999999999999998,0.4,32,32,0.06252527018904892
5,11001,0.3999999999999998,0.4,32,32,0.06252527018904892
5,11010,0.3999999999999998,0.4,32,32,0.06252527018904892
5,11011,0.3999999999999998,0.4,32,32,0.06252527018904892
5,11100,0.3999999999999998,0.4,32,32,0.06252527018904892
5,11101,0.3999999999999997,0.4,32,32,0.06252527018904892
5,11110,0.3999999999999998,0.4,32,32,0.06252527018904892
5,11111,0.3999999999999999,0.4,32,32,0.06252527018904892
6,000000,0.4000000000000007,0.4,64,64,0.09976618580756338
6,000001,0.4,0.4,64,64,0.09976618580756338
6,000010,0.4000000000000008,0.4,64,64,0.09976618580756338
6,000011,0.40000000000000135,0.4,64,64,0.09976618580756338
6,000100,0.4,0.4,64,64,0.09976618580756338
6,000101,0.4,0.4,64,64,0.09976618580756338
6,000110,0.4000000000000008,0.4,64,64,0.09976618580756338
6,000111,0.4000000000000008,0.4,64,64,0.09976618580756338
6,001000,0.40000000000000047,0.4,64,64,0.09976618580756338
6,001001,0.4000000000000008,0.4,64,64,0.09976618580756338
6,001010,0.4,0.4,64,64,0.09976618580756338
6,001011,0.40000000000000135,0.4,64,64,0.09976618580756338
6,001100,0.40000000000000113,0.4,64,64,0.09976618580756338
6,001101,0.40000000000000113,0.4,64,64,0.09976618580756338
6,001110,0.4,0.4,64,64,0.09976618580756338
6,001111,0.4,0.4,64,64,0.09976618580756338
6,010000,0.4,0.4,64,64,0.09976618580756338
6,010001,0.4,0.4,64,64,0.09976618580756338
6,010010,0.40000000000000013,0.4,64,64,0.09976618580756338
6,010011,0.40000000000000113,0.4,64,64,0.09976618580756338
6,010100,0.40000000000000013,0.4,64,64,0.09976618580756338
6,010101,0.4000000000000008,0.4,64,64,0.09976618580756338
6,010110,0.4000000000000008,0.4,64,64,0.09976618580756338
6,010111,0.4000000000000008,0.4,64,64,0.09976618580756338
6,011000,0.40000000000000013,0.4,64,64,0.09976618580756338
6,011001,0.4,0.4,64,64,0.09976618580756338
6,011010,0.4,0.4,64,64,0.09976618580756338
6,011011,0.4,0.4,64,64,0.09976618580756338
6,011100,0.4,0.4,64,64,0.09976618580756338
6,011101,0.4000000000000009,0.4,64,64,0.09976618580756338
6,011110,0.4,0.4,64,64,0.09976618580756338
6,011111,0.40000000000000013,0.4,64,64,0.09976618580756338
6,100000,0.4,0.4,64,64,0.09976618580756338
6,100001,0.40000000000000013,0.4,64,64,0.09976618580756338
6,100010,0.4,0.4,64,64,0.09976618580756338
6,100011,0.40000000000000013,0.4,64,64,0.09976618580756338
6,100100,0.40000000000000013,0.4,64,64,0.09976618580756338
6,100101,0.4000000000000009,0.4,64,64,0.09976618580756338
6,100110,0.40000000000000013,0.4,64,64,0.09976618580756338
6,100111,0.4000000000000009,0.4,64,64,0.09976618580756338
6,101000,0.40000000000000013,0.4,64,64,0.09976618580756338
6,101001,0.4000000000000009,0.4,64,64,0.09976618580756338
6,101010,0.4,0.4,64,64,0.09976618580756338
6,101011,0.4000000000000009,0.4,64,64,0.09976618580756338
6,101100,0.40000000000000013,0.4,64,64,0.09976618580756338
6,101101,0.40000000000000013,0.4,64,64,0.09976618580756338
6,101110,0.4,0.4,64,64,0.09976618580756338
6,101111,0.4000000000000009,0.4,64,64,0.09976618580756338
6,110000,0.4,0.4,64,64,0.09976618580756338
6,110001,0.3999999999999999,0.4,64,64,0.09976618580756338
6,110010,0.40000000000000013,0.4,64,64,0.09976618580756338
6,110011,0.4000000000000009,0.4,64,64,0.09976618580756338
6,110100,0.4000000000000009,0.4,64,64,0.09976618580756338
6,110101,0.40000000000000013,0.4,64,64,0.09976618580756338
6,110110,0.4,0.4,64,64,0.09976618580756338
6,110111,0.4,0.4,64,64,0.09976618580756338
6,111000,0.4,0.4,64,64,0.09976618580756338
6,111001,0.4000000000000009,0.4,64,64,0.09976618580756338
6,111010,0.4,0.4,64,64,0.09976618580756338
6,111011,0.4,0.4,64,64,0.09976618580756338
6,111100,0.4000000000000009,0.4,64,64,0.09976618580756338
6,111101,0.4000000000000009,0.4,64,64,0.09976618580756338
6,111110,0.40000000000000113,0.4,64,64,0.09976618580756338
6,111111,0.40000000000000013,0.4,64,64,0.09976618580756338
7,0000000,0.3999999999999999,0.4,128,128,0.1650775928310813
7,0000001,0.40000000000000013,0.4,128,128,0.1650775928310813
7,0000010,0.3999999999999977,0.4,128,128,0.1650775928310813
7,0000011,0.3999999999999977,0.4,128,128,0.1650775928310813
7,0000100,0.3999999999999977,0.4,128,128,0.1650775928310813
7,0000101,0.3999999999999977,0.4,128,128,0.1650775928310813
7,0000110,0.3999999999999978,0.4,128,128,0.1650775928310813
7,0000111,0.3999999999999977,0.4,128,128,0.1650775928310813
7,0001000,0.3999999999999977,0.4,128,128,0.1650775928310813
7,0001001,0.3999999999999977,0.4,128,128,0.1650775928310813
7,0001010,0.3999999999999977,0.4,128,128,0.1650775928310813
7,0001011,0.3999999999999977,0.4,128,128,0.1650775928310813
7,0001100,0.3999999999999977,0.4,128,128,0.1650775928310813
7,0001101,0.3999999999999977,0.4,128,128,0.1650775928310813
7,0001110,0.40000000000000324,0.4,128,128,0.1650775928310813
7,0001111,0.3999999999999977,0.4,128,128,0.1650775928310813
7,0010000,0.3999999999999976,0.4,128,128,0.1650775928310813
7,0010001,0.39999999999999836,0.4,128,128,0.1650775928310813
7,0010010,0.39999999999999836,0.4,128,128,0.1650775928310813
7,0010011,0.39999999999999836,0.4,128,128,0.1650775928310813
7,0010100,0.39999999999999836,0.4,128,128,0.1650775928310813
7,0010101,0.39999999999999836,0.4,128,128,0.1650775928310813
7,0010110,0.39999999999999813,0.4,128,128,0.1650775928310813
7,0010111,0.39999999999999836,0.4,128,128,0.1650775928310813
7,0011000,0.39999999999999947,0.4,128,128,0.1650775928310813
7,0011001,0.39999999999999947,0.4,128,128,0.1650775928310813
7,0011010,0.39999999999999747,0.4,128,128,0.1650775928310813
7,0011011,0.39999999999999747,0.4,128,128,0.1650775928310813
7,0011100,0.39999999999999747,0.4,128,128,0.1650775928310813
7,0011101,0.39999999999999947,0.4,128,128,0.1650775928310813
7,0011110,0.3999999999999996,0.4,128,128,0.1650775928310813
7,0011111,0.399999999999997,0.4,128,128,0.1650775928310813
7,0100000,0.40000000000000246,0.4,128,128,0.1650775928310813
7,0100001,0.39999999999999747,0.4,128,128,0.1650775928310813
7,0100010,0.39999999999999747,0.4,128,128,0.1650775928310813
7,0100011,0.3999999999999976,0.4,128,128,0.1650775928310813
7,0100100,0.40000000000000113,0.4,128,128,0.1650775928310813
7,0100101,0.40000000000000113,0.4,128,128,0.1650775928310813
7,0100110,0.40000000000000113,0.4,128,128,0.1650775928310813
7,0100111,0.40000000000000124,0.4,128,128,0.1650775928310813
7,0101000,0.4000000000000019,0.4,128,128,0.1650775928310813
7,0101001,0.39999999999999836,0.4,128,128,0.1650775928310813
7,0101010,0.39999999999999836,0.4,128,128,0.1650775928310813
7,0101011,0.3999999999999997,0.4,128,128,0.1650775928310813
7,0101100,0.3999999999999999,0.4,128,128,0.1650775928310813
7,0101101,0.4000000000000017,0.4,128,128,0.1650775928310813
7,0101110,0.3999999999999999,0.4,128,128,0.1650775928310813
7,0101111,0.3999999999999999,0.4,128,128,0.1650775928310813
7,0110000,0.3999999999999999,0.4,128,128,0.1650775928310813
7,0110001,0.3999999999999999,0.4,128,128,0.1650775928310813
7,0110010,0.4,0.4,128,128,0.1650775928310813
7,0110011,0.399999999999998,0.4,128,128,0.1650775928310813
7,0110100,0.40000000000000213,0.4,128,128,0.1650775928310813
7,0110101,0.40000000000000224,0.4,128,128,0.1650775928310813
7,0110110,0.40000000000000224,0.4,128,128,0.1650775928310813
7,0110111,0.40000000000000013,0.4,128,128,0.1650775928310813
7,0111000,0.4,0.4,128,128,0.1650775928310813
7,0111001,0.40000000000000013,0.4,128,128,0.1650775928310813
7,0111010,0.4,0.4,128,128,0.1650775928310813
7,0111011,0.4000000000000008,0.4,128,128,0.1650775928310813
7,0111100,0.4000000000000008,0.4,128,128,0.1650775928310813
7,0111101,0.4000000000000009,0.4,128,128,0.1650775928310813
7,0111110,0.4000000000000008,0.4,128,128,0.1650775928310813
7,0111111,0.3999999999999977,0.4,128,128,0.1650775928310813
7,1000000,0.4,0.4,128,128,0.1650775928310813
7,1000001,0.400000000000001,0.4,128,128,0.1650775928310813
7,1000010,0.400000000000001,0.4,128,128,0.1650775928310813
7,1000011,0.400000000000001,0.4,128,128,0.1650775928310813
7,1000100,0.400000000000001,0.4,128,128,0.1650775928310813
7,1000101,0.4000000000000006,0.4,128,128,0.1650775928310813
7,1000110,0.4000000000000006,0.4,128,128,0.1650775928310813
7,1000111,0.4000000000000006,0.4,128,128,0.1650775928310813
7,1001000,0.4000000000000006,0.4,128,128,0.1650775928310813
7,1001001,0.4000000000000006,0.4,128,128,0.1650775928310813
7,1001010,0.4000000000000006,0.4,128,128,0.1650775928310813
7,1001011,0.4000000000000007,0.4,128,128,0.1650775928310813
7,1001100,0.4000000000000006,0.4,128,128,0.1650775928310813
7,1001101,0.4000000000000007,0.4,128,128,0.1650775928310813
7,1001110,0.4000000000000006,0.4,128,128,0.1650775928310813
7,1001111,0.4000000000000006,0.4,128,128,0.1650775928310813
7,1010000,0.3999999999999986,0.4,128,128,0.1650775928310813
7,1010001,0.3999999999999986,0.4,128,128,0.1650775928310813
7,1010010,0.4000000000000009,0.4,128,128,0.1650775928310813
7,1010011,0.4000000000000008,0.4,128,128,0.1650775928310813
7,1010100,0.3999999999999988,0.4,128,128,0.1650775928310813
7,1010101,0.3999999999999988,0.4,128,128,0.1650775928310813
7,1010110,0.3999999999999987,0.4,128,128,0.1650775928310813
7,1010111,0.4,0.4,128,128,0.1650775928310813
7,1011000,0.4,0.4,128,128,0.1650775928310813
7,1011001,0.3999999999999979,0.4,128,128,0.1650775928310813
7,1011010,0.3999999999999979,0.4,128,128,0.1650775928310813
7,1011011,0.399999999999998,0.4,128,128,0.1650775928310813
7,1011100,0.399999999999998,0.4,128,128,0.1650775928310813
7,1011101,0.399999999999998,0.4,128,128,0.1650775928310813
7,1011110,0.3999999999999979,0.4,128,128,0.1650775928310813
7,1011111,0.3999999999999979,0.4,128,128,0.1650775928310813
7,1100000,0.40000000000000024,0.4,128,128,0.1650775928310813
7,1100001,0.39999999999999825,0.4,128,128,0.1650775928310813
7,1100010,0.39999999999999813,0.4,128,128,0.1650775928310813
7,1100011,0.39999999999999813,0.4,128,128,0.1650775928310813
7,1100100,0.40000000000000013,0.4,128,128,0.1650775928310813
7,1100101,0.40000000000000024,0.4,128,128,0.1650775928310813
7,1100110,0.3999999999999979,0.4,128,128,0.1650775928310813
7,1100111,0.4000000000000017,0.4,128,128,0.1650775928310813
7,1101000,0.4000000000000017,0.4,128,128,0.1650775928310813
7,1101001,0.4000000000000018,0.4,128,128,0.1650775928310813
7,1101010,0.39999999999999813,0.4,128,128,0.1650775928310813
7,1101011,0.3999999999999997,0.4,128,128,0.1650775928310813
7,1101100,0.3999999999999997,0.4,128,128,0.1650775928310813
7,1101101,0.3999999999999996,0.4,128,128,0.1650775928310813
7,1101110,0.3999999999999997,0.4,128,128,0.1650775928310813
7,1101111,0.3999999999999997,0.4,128,128,0.1650775928310813
7,1110000,0.39999999999999947,0.4,128,128,0.1650775928310813
7,1110001,0.3999999999999996,0.4,128,128,0.1650775928310813
7,1110010,0.3999999999999997,0.4,128,128,0.1650775928310813
7,1110011,0.3999999999999997,0.4,128,128,0.1650775928310813
7,1110100,0.3999999999999996,0.4,128,128,0.1650775928310813
7,1110101,0.39999999999999947,0.4,128,128,0.1650775928310813
7,1110110,0.3999999999999997,0.4,128,128,0.1650775928310813
7,1110111,0.3999999999999999,0.4,128,128,0.1650775928310813
7,1111000,0.3999999999999999,0.4,128,128,0.1650775928310813
7,1111001,0.40000000000000224,0.4,128,128,0.1650775928310813
7,1111010,0.40000000000000224,0.4,128,128,0.1650775928310813
7,1111011,0.39999999999999947,0.4,128,128,0.1650775928310813
7,1111100,0.40000000000000235,0.4,128,128,0.1650775928310813
7,1111101,0.40000000000000224,0.4,128,128,0.1650775928310813
7,1111110,0.40000000000000124,0.4,128,128,0.1650775928310813
7,1111111,0.400000000000001,0.4,128,128,0.1650775928310813
